#{"t_start": 1783133417.3466227, "env_id": "None"}
r,l,t
0.0,81,8.641462
0.03,81,14.9374
0.42,98,22.092397
0.36,83,28.504472
0.0,81,34.780619
0.57,91,41.577593
1.76,319,59.829605
0.55,142,69.183875
0.32,86,75.740325
0.0,81,82.050284
0.35,81,88.353415
0.0,81,94.667014
0.27,81,100.968602
0.01,81,107.270045
0.13,81,113.566939
0.03,81,119.856019
0.09,93,126.759345
0.0,81,133.073955
0.02,81,139.384001
0.0,81,145.693587
0.0,81,152.005693
0.0,81,158.322446
6.89,579,189.51707
0.07,99,196.722727
0.09,81,203.021869
0.49,118,211.178839
0.86,131,219.982743
0.63,84,226.432845
0.17,81,232.71877
0.58,101,240.020311
0.01,84,246.475918
2.83,284,262.923908
0.1,86,269.525089
0.06,83,275.927734
1.94,211,288.736348
0.0,81,295.037088
0.25,120,303.287483
3.92,378,324.444277
0.19,84,330.903401
0.17,81,337.211243
0.94,157,347.312157
1.61,259,362.499252
0.02,81,368.806636
0.85,203,381.222548
0.0,81,387.533242
0.0,81,393.830939
0.0,81,400.268762
0.13,88,406.91954
1.06,125,415.413372
0.0,81,421.714097
0.77,81,428.020735
0.0,81,434.335742
0.17,81,440.636031
0.0,81,446.939078
0.99,141,456.247654
0.41,117,464.346836
0.52,126,472.982699
0.57,132,481.851706
0.4,85,488.360829
0.49,156,498.404602
0.13,81,504.763441
0.46,166,515.319412
0.99,179,526.525705
2.34,251,541.337174
2.96,325,559.848798
0.0,81,566.160675
0.1,81,572.472717
0.14,112,580.347505
0.0,81,586.662969
0.74,152,596.514128
0.28,91,603.309453
0.81,190,615.131433
0.71,145,624.6279
0.15,81,630.915688
0.1,81,637.220427
2.15,178,648.382697
0.42,131,657.181804
0.0,81,663.485003
1.9,249,678.19709
0.29,91,684.989081
2.68,342,704.33051
0.51,89,711.044133
2.47,232,724.886215
0.28,82,731.241827
1.13,125,739.757039
0.11,91,746.568229
1.97,184,758.029799
0.0,81,764.331854
0.0,81,770.642947
0.15,93,777.534576
0.14,96,784.603763
1.7,199,796.801641
2.85,315,814.813869
2.67,307,832.405028
0.91,146,842.036658
0.45,81,848.3353
2.3,273,864.244715
0.0,81,870.546699
0.21,103,877.956373
0.0,81,884.258715
0.55,105,891.744681
0.3,81,898.055743
0.03,81,904.366291
0.0,81,910.654894
5.97,506,938.192491
1.27,177,949.297455
0.06,82,955.658372
0.82,129,964.375719
3.68,317,982.481719
1.99,215,995.925427
3.74,241,1010.241521
0.85,186,1021.805238
0.15,81,1028.098119
2.18,245,1042.598789
8.46,468,1068.2561
0.16,111,1076.061837
0.24,81,1082.366066
3.11,273,1098.271441
3.78,324,1116.739634
0.55,134,1125.700281
0.01,81,1131.996374
8.46,443,1156.410616
10.12,522,1184.763392
8.7,569,1215.463519
1.98,179,1226.684565
10.0,498,1253.835231
0.77,134,1262.799636
1.22,165,1273.30141
10.73,598,1305.457894
1.16,192,1317.327976
10.69,556,1347.383123
1.44,137,1356.494104
10.93,409,1379.192054
1.22,232,1393.046536
0.41,99,1400.237709
10.64,395,1422.635329
3.58,289,1439.347429
1.99,264,1454.806724
10.9,451,1479.769373
10.04,456,1504.816163
1.6,139,1514.021662
0.88,141,1523.320339
0.76,133,1532.229853
9.86,376,1554.710522
3.47,312,1572.563707
10.67,470,1598.877157
4.24,282,1615.237486
10.38,502,1642.605634
4.21,304,1660.064002
2.78,238,1674.219799
2.5,171,1685.020115
2.74,147,1694.618204
3.15,183,1706.035403
10.16,312,1723.877723
2.48,188,1735.526904
2.27,168,1746.194832
10.66,385,1767.696488
10.78,421,1791.014159
2.43,160,1801.270736
3.02,317,1819.384528
2.66,195,1831.396569
2.17,201,1843.698764
0.01,81,1850.002017
2.23,194,1861.950304
10.54,374,1882.914303
2.47,132,1891.771936
2.5,196,1903.83381
2.17,183,1915.244256
3.23,176,1926.299904
10.37,317,1944.41624
2.57,195,1956.417299
2.43,173,1967.326205
3.02,188,1978.988847
2.05,191,1990.78423
2.44,166,2001.341813
0.16,81,2007.634846
2.18,193,2019.527817
2.77,306,2037.077833
10.16,366,2057.629616
0.17,95,2064.642651
10.14,394,2086.610908
10.08,350,2106.375713
10.21,358,2126.528771
10.21,385,2148.028616
10.46,294,2164.980802
10.2,351,2184.787343
10.08,339,2204.477526
10.29,281,2220.793471
1.01,118,2228.947007
0.39,101,2236.252623
10.13,351,2256.048772
10.43,363,2276.465065
1.84,167,2287.079237
2.27,206,2299.633208
1.88,150,2309.39206
3.02,209,2322.086059
1.85,147,2331.688087
2.75,213,2344.588728
2.33,218,2357.755919
2.68,166,2368.313042
2.42,203,2380.723148
10.37,301,2398.04569
2.48,191,2409.860327
10.36,415,2432.867385
10.46,419,2456.075204
10.48,325,2474.581516
10.07,439,2498.773504
10.49,300,2516.037628
10.46,378,2537.201357
10.44,364,2557.655475
10.32,380,2578.927722
8.32,395,2600.936186
10.17,320,2619.191949
9.8,328,2637.831984
9.71,331,2656.647866
1.08,204,2669.1111
10.7,286,2685.659818
1.08,136,2694.726254
10.02,249,2709.41696
0.27,82,2715.784492
10.1,323,2734.181612
3.14,263,2749.59716
10.25,249,2764.279635
9.75,254,2779.23077
10.74,321,2798.01647
9.75,255,2813.02011
10.39,241,2827.337625
10.42,349,2847.036227
9.98,354,2866.990881
10.81,244,2881.441099
10.19,241,2895.728149
10.12,215,2908.741773
9.73,186,2920.297889
9.97,238,2934.457081
10.38,200,2946.718222
9.68,258,2961.881222
9.99,194,2973.840873
10.36,208,2986.512817
10.39,221,2999.813884
10.24,306,3017.363445
10.17,237,3031.475466
10.62,289,3048.173515
10.23,187,3059.775899
9.41,178,3070.937407
9.69,196,3082.998478
10.36,224,3096.43899
10.18,183,3107.849404
8.77,191,3119.657225
10.19,205,3132.155305
9.71,180,3143.415547
5.22,139,3152.617854
5.74,148,3162.276694
8.64,148,3171.935261
10.24,212,3184.810187
9.93,203,3197.211824
10.01,177,3208.312125
10.54,196,3220.362169
10.0,169,3231.054434
9.29,164,3241.496459
8.83,150,3251.243266
9.67,167,3261.849953
8.92,141,3271.145603
10.1,177,3282.247236
10.1,161,3292.560404
9.38,152,3302.427354
9.49,140,3311.682222
10.32,143,3321.097057
10.12,185,3332.616536
9.98,224,3346.078965
10.12,209,3358.78054
10.47,128,3367.439009
10.23,149,3377.212245
9.6,139,3386.402205
9.72,117,3394.500527
10.06,194,3406.478381
10.24,157,3416.590504
10.13,162,3426.956786
10.67,132,3435.810077
10.78,146,3445.363489
10.23,141,3454.678167
10.35,162,3465.029447
10.35,177,3476.131117
10.12,168,3486.800984
10.35,167,3497.417692
10.32,173,3508.337269
10.08,166,3518.90631
10.42,137,3528.001987
10.02,184,3539.453159
10.08,159,3549.652839
10.01,130,3558.422923
8.94,135,3567.420776
10.19,131,3576.234148
10.22,146,3585.771921
10.4,134,3594.73618
10.4,137,3603.853499
10.01,188,3615.522669
10.25,165,3626.080909
10.22,152,3635.938003
10.43,148,3645.599783
10.47,151,3655.394878
10.76,136,3664.447878
10.13,160,3674.687922
10.54,142,3684.051941
10.95,138,3693.210223
10.9,133,3702.115831
10.62,149,3711.836475
10.27,144,3721.298884
10.41,151,3731.100861
10.87,143,3740.5126
9.83,140,3749.7706
10.62,141,3759.071661
10.58,137,3768.176165
10.01,151,3777.98554
10.6,144,3787.435889
9.8,147,3797.041368
8.97,144,3806.495806
10.14,155,3816.512964
7.73,129,3825.210362
10.66,134,3834.157359
7.81,159,3844.354534
10.51,140,3853.600204
9.61,149,3863.310844
10.23,151,3873.114809
7.42,165,3883.618149
7.27,120,3891.880898
5.81,154,3901.845152
6.13,134,3910.786207
10.04,150,3920.541085
5.67,123,3928.951514
8.4,141,3938.269934
10.5,143,3947.670003
6.57,123,3956.058347
10.63,149,3965.765056
10.72,140,3975.025428
11.03,151,3984.830553
10.47,149,3994.90561
10.76,149,4004.61301
11.08,146,4014.172351
7.8,114,4022.123629
9.56,145,4031.64246
9.83,171,4042.444618
10.63,144,4051.897609
9.96,177,4063.013288
10.58,147,4072.622571
10.72,136,4081.674556
8.21,132,4090.532584
11.11,148,4100.182668
10.79,159,4110.382173
11.23,135,4119.399255
10.84,163,4129.790174
10.3,132,4138.651638
9.9,161,4148.942958
10.27,129,4157.636516
10.44,127,4166.253605
10.09,160,4176.500716
10.22,137,4185.60241
10.29,136,4194.65669
10.73,141,4203.96712
10.94,126,4212.522239
10.18,124,4220.9772
10.61,124,4229.42186
10.62,126,4237.97878
10.49,126,4246.541013
10.21,125,4255.051655
10.13,137,4264.163683
9.84,173,4275.065569
10.36,137,4284.174022
10.29,147,4293.791871
9.78,185,4305.283396
10.72,133,4314.193761
10.3,133,4323.10185
10.36,138,4332.255623
10.4,135,4341.271596
9.99,138,4350.413272
10.52,129,4359.118207
10.03,119,4367.318253
10.13,115,4375.334589
10.32,134,4384.291623
10.36,122,4392.64242
10.08,120,4400.906074
10.03,136,4409.964489
9.88,135,4418.968091
9.72,134,4427.917093
10.28,141,4437.226365
9.94,140,4446.482394
10.1,135,4455.489019
9.92,134,4464.451725
9.95,122,4472.809881
10.1,127,4481.41083
10.75,134,4490.366318
10.18,161,4500.664667
9.95,129,4509.386947
9.71,133,4518.302989
10.39,138,4527.452141
10.03,127,4536.067871
9.98,114,4544.016722
8.34,151,4553.824955
9.69,129,4562.522584
9.33,143,4571.93077
10.21,127,4580.536412
10.18,113,4588.870499
9.76,142,4598.223351
9.27,156,4608.269033
9.78,137,4617.360649
9.43,141,4626.667624
9.9,162,4637.023714
9.45,136,4646.09292
8.79,112,4653.954751
9.39,126,4662.498552
9.16,144,4671.953534
9.7,123,4680.356181
9.47,154,4690.314156
9.83,176,4701.354246
9.66,175,4712.363431
9.91,152,4722.209337
8.85,196,4734.266964
10.15,161,4744.570621
9.7,146,4754.129996
5.65,96,4761.190288
9.86,154,4771.14515
5.43,91,4777.952017
9.95,148,4787.605205
10.19,162,4797.964247
10.24,162,4808.320189
9.1,155,4818.318778
9.61,137,4827.424147
9.04,147,4837.035237
11.71,150,4846.782327
9.95,152,4856.633365
8.7,142,4866.000144
9.09,136,4875.049737
9.58,176,4886.114818
9.22,137,4895.195564
11.52,158,4905.35781
11.01,152,4915.207484
10.23,161,4925.502426
9.24,156,4935.551623
8.03,157,4945.656908
9.65,124,4954.095629
10.72,149,4963.817797
9.02,175,4974.816752
11.04,146,4984.381601
8.93,133,4993.288387
9.18,148,5002.941829
9.07,167,5013.55024
10.27,148,5023.220025
9.0,158,5033.364613
9.19,156,5043.428222
8.96,162,5053.793811
9.16,175,5064.787099
8.87,159,5074.987973
9.42,171,5085.78996
6.39,101,5093.102288
8.45,139,5102.309335
8.06,157,5112.422919
8.69,149,5122.121914
9.35,153,5132.02839
8.9,141,5141.343398
5.55,117,5149.448251
9.97,151,5159.247671
9.09,157,5169.342325
7.01,133,5178.257458
9.73,155,5188.708891
10.07,130,5197.453592
10.08,130,5206.203162
11.95,192,5218.056864
9.91,161,5228.35971
8.84,154,5238.32189
4.57,110,5246.081178
5.41,99,5253.283182
8.1,142,5262.639265
9.4,135,5271.639579
10.24,129,5280.350876
9.39,140,5289.607493
12.07,150,5299.368747
10.21,134,5308.331754
10.14,141,5317.635532
10.65,129,5326.340888
12.26,155,5336.337727
12.2,153,5346.245272
12.87,187,5357.860783
10.74,153,5367.752364
10.62,179,5378.95266
12.1,160,5389.201272
11.42,146,5398.767618
15.95,190,5410.51777
14.82,203,5422.923005
12.6,210,5435.679212
11.99,177,5446.788161
12.98,180,5458.045175
13.43,189,5469.753849
11.49,175,5480.753017
11.69,170,5491.493309
14.2,204,5503.953078
10.97,161,5514.260056
15.2,201,5526.573695
15.43,196,5538.629381
11.95,158,5548.782609
16.66,210,5561.534665
11.76,200,5573.781662
16.91,200,5586.038911
13.21,196,5598.099002
12.66,208,5610.760383
13.9,197,5622.875752
13.05,197,5634.976436
13.1,195,5646.970557
12.94,178,5658.136298
13.01,143,5667.550413
12.32,159,5677.767576
12.86,193,5689.685103
11.54,160,5699.941838
13.51,189,5711.651326
10.78,157,5721.739292
12.65,203,5734.145383
15.17,193,5746.055804
16.39,209,5758.760242
13.92,188,5770.423796
16.26,228,5784.078732
1.46,92,5791.329098
10.65,152,5801.19379
11.55,166,5811.763532
12.58,152,5821.610034
12.59,151,5831.418976
10.99,175,5842.420767
12.35,209,5855.118568
11.49,176,5866.18364
11.35,145,5875.689799
11.49,174,5886.641896
10.86,171,5897.443397
10.48,207,5910.045328
10.7,170,5920.795066
11.7,165,5931.310475
10.86,173,5942.218161
10.63,159,5952.418177
11.92,150,5962.179075
10.5,166,5972.739369
10.06,147,5982.341653
10.26,154,5992.281847
8.29,153,6002.197047
10.98,137,6011.318228
9.37,171,6022.119245
10.91,140,6031.370362
9.25,181,6042.679118
10.08,179,6053.884095
10.1,157,6063.99303
10.24,186,6075.521962
10.22,181,6086.813237
10.35,140,6096.073317
9.99,200,6108.336855
9.55,171,6119.13073
10.64,166,6129.693458
9.64,159,6139.889017
10.16,134,6148.853242
10.19,146,6158.419537
9.97,178,6169.573356
10.33,154,6179.532759
9.59,185,6191.040823
10.48,183,6202.467464
10.97,160,6212.729749
10.52,179,6223.940775
9.66,158,6234.094539
10.78,135,6243.111328
9.89,165,6253.620735
10.03,133,6262.513073
10.08,149,6272.211691
11.71,137,6281.329628
6.88,158,6292.208356
9.68,197,6304.315112
10.34,188,6315.965168
10.12,160,6326.23391
8.44,175,6337.243221
10.75,185,6348.7555
9.54,178,6359.90029
9.97,155,6369.91004
9.95,208,6382.559958
10.39,169,6393.734566
10.97,166,6404.290128
10.44,157,6414.393819
11.06,181,6425.697063
9.66,179,6436.90191
11.01,128,6445.553095
9.21,155,6455.559686
9.93,176,6466.618067
9.88,193,6478.521522
10.41,189,6490.223239
10.19,175,6501.234747
9.85,158,6511.389345
10.09,176,6522.438766
10.65,173,6533.332659
10.39,180,6544.589626
9.78,166,6555.140357
9.88,176,6566.198675
10.7,150,6575.959886
9.99,155,6585.964835
9.83,169,6596.672614
9.92,173,6607.565459
9.84,167,6618.176107
10.24,167,6628.795119
10.0,176,6639.859779
9.89,180,6651.109219
10.59,165,6661.614595
9.84,167,6672.221318
11.45,174,6683.179193
10.09,195,6695.19137
10.14,171,6705.993156
10.46,187,6717.603413
9.36,174,6728.563114
10.14,149,6738.269929
10.05,178,6749.424746
9.71,148,6759.091834
9.75,154,6769.050647
9.43,170,6779.80587
10.72,148,6789.451575
9.78,157,6799.550588
10.27,167,6810.148604
10.42,156,6820.213391
9.66,142,6829.579183
9.76,163,6839.961131
9.69,193,6851.858871
10.51,215,6864.871543
9.98,133,6873.77902
10.62,153,6883.68236
10.65,204,6896.140044
10.36,153,6906.041114
11.13,126,6914.606274
9.32,180,6925.858232
10.13,146,6935.417027
10.06,170,6946.177614
9.49,183,6957.586393
9.97,177,6968.678301
10.03,153,6978.636777
9.77,133,6987.542463
9.87,133,6996.457141
10.1,167,7007.063253
9.62,166,7017.605864
10.31,158,7027.744917
9.43,165,7038.238865
10.15,149,7047.922944
10.05,160,7058.187709
10.11,118,7066.344794
10.07,151,7076.145607
10.21,171,7086.946977
10.21,128,7095.611773
9.6,137,7104.710626
9.72,182,7116.072786
9.62,154,7126.01574
10.16,175,7137.022427
11.61,134,7145.960582
10.11,183,7157.361333
10.19,125,7165.870226
9.89,141,7175.18598
10.12,163,7185.586099
10.27,188,7197.243426
10.76,196,7209.290463
9.57,206,7221.859225
9.1,178,7233.027679
11.3,157,7243.13821
11.15,129,7251.84922
11.49,144,7261.303534
11.23,134,7270.246142
8.92,169,7280.952158
11.45,141,7290.25987
11.18,214,7303.217644
10.59,191,7315.00546
10.72,191,7326.805591
9.88,141,7336.090042
11.26,121,7344.38701
9.88,146,7353.952281
10.28,182,7365.307006
10.02,181,7376.605864
10.18,169,7387.302127
10.38,154,7397.260599
10.89,138,7406.403508
10.41,187,7418.01371
10.22,155,7428.022462
10.27,155,7438.026107
11.18,127,7446.630708
10.16,158,7456.783383
10.43,202,7469.144697
10.5,143,7478.544621
10.73,131,7487.357124
11.42,222,7500.701232
9.95,165,7511.215679
10.07,150,7520.972648
10.88,223,7534.380318
10.14,150,7544.109208
10.6,128,7552.77431
10.55,178,7563.925673
11.32,139,7573.126898
11.42,148,7582.78634
4.0,88,7589.835568
9.74,170,7600.599339
10.1,155,7610.600459
10.78,170,7621.362863
10.46,158,7631.513778
8.98,209,7644.224194
11.34,164,7654.66606
11.07,154,7664.62925
10.56,176,7675.665822
10.39,185,7687.191136
9.68,183,7698.600621
10.03,175,7709.593702
10.8,182,7720.955026
10.22,182,7732.2997
10.17,174,7743.242313
11.46,137,7752.350992
12.39,149,7762.057455
10.15,121,7770.367541
9.92,157,7780.475955
10.75,180,7791.744668
10.47,172,7802.606502
9.97,133,7811.514593
9.92,150,7821.276242
8.96,185,7832.784765
10.52,168,7843.443367
11.9,146,7852.998456
10.03,171,7863.822653
11.26,149,7873.536326
11.08,135,7882.538087
10.45,182,7893.90465
10.03,155,7903.920002
10.16,177,7915.013247
10.41,210,7927.781925
10.71,150,7937.543527
10.33,179,7948.756099
9.86,160,7959.002173
9.45,189,7970.707828
10.42,160,7980.956709
10.37,149,7990.659785
11.33,150,8000.405619
11.16,135,8009.412992
10.8,124,8017.86583
9.79,156,8027.908641
10.16,172,8038.768126
9.87,168,8049.425004
10.25,152,8059.286746
10.35,132,8068.138504
9.92,132,8076.990539
10.18,138,8086.145313
10.08,128,8094.797331
11.11,129,8103.488335
10.69,140,8112.751715
11.44,146,8122.313917
10.97,131,8131.114216
9.76,152,8140.958246
10.62,122,8149.313072
10.71,142,8158.654599
9.78,169,8169.352169
9.79,181,8180.646619
10.15,178,8192.248173
9.97,127,8200.836038
11.46,128,8209.498969
10.79,119,8217.700485
10.1,193,8229.602937
9.97,172,8240.455539
11.13,135,8249.46385
11.31,126,8258.024441
10.24,130,8266.780064
9.84,144,8276.237275
10.96,126,8284.798878
10.32,131,8293.596696
9.85,118,8301.766962
9.4,126,8310.331954
11.5,121,8318.633948
9.72,147,8328.247567
11.26,166,8338.8038
10.94,132,8347.649636
10.77,151,8357.444328
10.28,124,8365.900841
9.99,150,8375.661713
10.26,145,8385.16561
9.84,123,8393.588939
11.19,120,8401.827625
10.11,123,8410.236399
9.97,134,8419.196829
10.75,124,8427.657231
10.21,133,8436.570753
10.63,146,8446.131404
9.89,149,8455.822881
9.83,124,8464.269346
10.31,142,8473.630781
9.76,148,8483.272966
10.11,143,8492.68831
11.47,130,8501.447617
10.82,119,8509.641922
9.83,148,8519.303339
9.92,166,8529.872127
10.17,132,8538.71212
10.88,123,8547.227239
9.48,144,8556.668058
10.48,140,8565.918197
10.01,125,8574.421101
10.93,116,8582.471707
11.27,165,8592.983164
10.28,143,8602.385805
10.87,114,8610.342207
11.51,127,8618.946964
10.17,117,8627.058125
11.43,122,8635.417655
10.28,121,8643.717999
11.25,127,8652.315917
9.94,142,8661.678972
9.97,134,8670.629012
9.43,114,8678.580436
10.79,128,8687.233061
9.88,128,8695.89464
11.14,132,8704.747442
11.48,129,8713.454167
11.04,138,8722.595733
9.87,130,8731.341643
9.91,118,8739.48955
10.11,137,8748.584457
9.99,127,8757.184648
10.8,118,8765.342887
9.76,117,8773.457611
10.82,122,8781.816196
9.51,125,8790.769094
10.64,127,8799.380374
10.99,120,8807.645473
11.02,120,8815.897077
10.62,157,8826.008358
10.16,122,8834.354333
10.79,127,8842.95823
10.8,121,8851.271542
10.8,116,8859.337913
10.93,115,8867.352823
11.34,122,8875.706131
10.04,123,8884.112921
10.66,125,8892.616343
10.96,120,8900.868173
11.76,143,8910.259903
10.01,121,8918.56612
10.06,123,8926.978781
10.05,126,8935.557289
9.89,128,8944.217981
9.99,121,8952.527644
9.89,123,8960.92824
10.52,120,8969.184524
10.2,120,8977.435968
10.95,116,8985.4916
9.44,122,8993.867626
9.67,120,9002.12172
11.43,127,9010.731637
9.44,119,9018.952566
10.64,122,9027.314909
10.12,120,9035.563228
9.78,120,9043.829413
9.8,130,9052.590363
9.7,123,9060.975513
11.15,122,9069.323473
9.55,118,9077.484159
9.85,114,9085.445439
10.26,140,9094.699147
9.36,135,9103.686524
10.89,120,9111.936071
11.49,121,9120.250401
10.87,113,9128.155028
11.51,136,9137.218066
11.01,119,9145.43197
11.13,123,9153.838526
10.4,139,9163.043656
9.96,126,9171.627178
10.17,139,9180.838402
10.6,125,9189.329017
11.45,123,9197.723811
10.85,128,9206.385049
11.21,139,9215.590929
10.35,131,9224.397683
10.54,117,9232.499794
10.22,114,9240.456049
9.98,120,9248.710241
10.08,125,9257.2161
10.62,125,9265.744159
10.64,115,9273.753622
9.72,122,9282.116776
10.09,120,9290.36982
11.17,123,9298.785353
11.15,117,9306.894686
10.97,138,9316.048217
10.26,113,9323.934748
10.54,114,9331.902375
10.83,131,9340.699223
10.87,119,9348.923679
10.88,121,9357.219886
9.69,120,9365.482377
9.99,117,9373.592614
10.96,116,9381.648707
9.48,118,9390.2689
10.43,126,9398.824742
9.89,127,9407.426151
10.94,126,9415.965268
11.35,115,9423.966653
9.63,127,9432.58047
10.42,129,9441.2834
9.66,123,9449.682951
10.38,132,9458.537097
10.21,130,9467.302581
9.77,119,9475.504034
9.64,126,9484.054764
11.82,139,9493.263097
10.13,160,9503.522835
9.87,138,9512.666931
10.01,124,9521.125031
9.53,116,9529.176006
10.03,119,9537.374681
10.04,119,9545.592712
9.46,121,9553.907164
10.33,125,9562.398164
10.95,125,9570.91539
9.84,127,9579.506655
9.95,123,9587.904546
10.55,125,9596.418589
10.13,125,9604.923001
10.65,126,9613.4854
10.16,119,9621.683597
10.33,119,9629.896628
9.96,131,9638.696878
10.54,118,9646.854645
9.76,154,9656.792669
25.11,296,9673.851864
9.95,113,9681.755722
11.13,124,9690.228897
11.43,138,9699.377388
9.33,123,9707.783566
11.27,142,9717.126403
10.41,189,9728.839344
10.03,123,9737.227325
10.16,147,9746.82842
9.8,113,9754.734259
11.43,190,9766.496354
10.95,114,9774.450005
9.98,113,9782.352046
10.31,128,9791.004104
10.1,121,9799.298469
10.5,121,9807.607053
11.57,128,9816.264768
9.71,122,9824.621292
10.95,160,9834.8671
9.74,125,9843.379715
11.17,121,9851.689639
11.22,192,9863.530761
10.32,129,9872.256107
11.25,116,9880.302647
10.05,109,9888.007015
9.63,126,9896.558603
11.32,136,9905.622516
11.23,129,9914.326762
10.51,120,9922.58267
10.95,115,9930.584551
10.49,130,9939.344825
10.28,141,9948.647451
10.03,131,9957.463559
9.89,130,9966.200242
11.26,165,9976.707253
9.81,118,9984.851494
10.8,155,9995.295774
9.97,127,10003.897359
11.25,129,10012.598116
10.23,125,10021.113067
107.2,1000,10073.366535
11.65,152,10083.225972
11.01,149,10092.931025
11.9,164,10103.38337
10.1,118,10111.549708
11.24,126,10120.11187
10.83,130,10128.861631
105.22,1000,10181.121142
11.49,130,10189.879683
10.87,130,10198.635806
12.73,182,10209.967913
90.41,992,10261.826385
10.11,124,10270.267737
23.42,282,10286.631016
10.96,122,10294.984536
91.96,1000,10347.248187
143.45,983,10398.662241
10.1,124,10407.10233
127.03,1000,10459.370057
10.21,123,10467.780195
9.39,117,10475.876058
11.2,123,10484.278927
23.72,243,10498.689951
133.27,1000,10550.953528
10.83,121,10559.252195
134.0,1000,10612.089679
138.76,1000,10664.342264
69.88,647,10698.960443
10.08,114,10706.909384
9.37,110,10714.659363
11.62,186,10726.213457
11.03,132,10735.069243
89.92,700,10772.304632
10.56,114,10780.270139
24.38,241,10794.567703
10.36,110,10802.331772
23.27,232,10816.169861
11.2,166,10826.732936
10.29,120,10834.991138
97.03,1000,10887.241849
81.37,1000,10939.492368
124.89,1000,10991.747017
141.28,1000,11043.998858
73.07,813,11086.905065
72.79,780,11128.155093
143.32,971,11179.018114
144.71,1000,11231.720737
139.05,1000,11283.982117
90.34,694,11320.941991
145.85,1000,11373.196468
158.49,1000,11425.443015
141.36,1000,11477.702487
146.82,1000,11529.965836
143.54,946,11579.506431
148.44,1000,11631.747509
150.91,1000,11684.00299
153.52,1000,11736.266047
143.48,968,11786.928449
149.19,1000,11839.17545
143.66,935,11888.180828
162.97,1000,11940.430247
168.68,1000,11992.686574
164.86,1000,12044.953671
143.26,852,12089.866743
157.5,1000,12142.116824
143.4,868,12187.772369
143.46,800,12230.034127
171.21,1000,12282.293935
143.46,819,12325.507143
16.02,146,12336.438059
156.05,1000,12389.211129
156.13,1000,12441.465909
143.56,871,12487.28284
150.76,1000,12539.542577
161.79,1000,12591.797022
147.83,1000,12644.051
143.89,808,12686.704044
143.55,788,12728.353534
88.68,537,12757.457576
88.52,577,12788.571663
167.17,1000,12840.827693
160.06,1000,12893.084616
143.16,830,12936.833213
159.27,1000,12989.766651
88.9,578,13020.919884
166.16,1000,13073.177141
143.92,807,13115.784398
143.88,792,13157.637152
89.21,593,13189.538317
89.18,559,13219.74151
169.11,1000,13272.00007
143.26,871,13317.802915
143.57,832,13361.657114
90.34,679,13397.873357
177.88,1000,13450.145545
177.14,1000,13502.407104
177.12,997,13554.516823
168.95,1000,13607.340046
170.47,1000,13659.586223
143.62,809,13702.297546
143.74,817,13745.388223
143.51,815,13788.396761
169.96,1000,13840.654161
90.43,580,13871.911013
165.46,1000,13924.172056
176.05,1000,13976.423252
169.87,1000,14028.685302
156.54,1000,14080.94632
143.75,800,14123.203441
143.59,818,14166.358041
177.75,1000,14219.207073
178.74,1000,14271.482864
143.23,856,14316.768256
143.74,814,14359.729809
143.6,770,14400.497773
143.45,840,14444.741488
176.52,1000,14496.999608
176.63,1000,14549.263088
176.58,1000,14601.800211
169.34,1000,14654.040373
143.47,770,14694.794347
177.31,1000,14747.049164
143.5,786,14789.047073
143.7,807,14831.807534
143.57,825,14875.303262
176.73,992,14927.156845
89.78,533,14956.052859
177.29,955,15006.051872
176.580001,1000,15058.309105
143.91,839,15102.5056
178.73,1000,15154.770121
89.34,571,15185.576221
144.0,756,15225.623632
88.59,532,15254.476671
143.86,753,15294.386957
176.37,1000,15346.642287
89.19,518,15374.80028
163.15,1000,15427.507951
143.89,796,15469.547188
143.79,813,15512.467655
177.85,1000,15564.725469
171.31,1000,15616.973641
177.37,1000,15669.239014
174.22,1000,15721.49832
143.41,760,15761.75049
177.09,1000,15814.002916
144.14,819,15857.204674
177.08,972,15908.055662
179.07,1000,15960.384501
176.99,1000,16013.14606
143.72,814,16056.081493
143.62,777,16097.186405
143.7,760,16137.436513
143.69,764,16177.895772
179.53,1000,16230.157496
176.69,1000,16282.427114
177.09,1000,16334.683421
143.72,776,16375.745428
143.59,780,16416.999761
143.7,747,16456.6129
170.83,1000,16508.876719
170.590001,1000,16561.142236
143.57,802,16604.068055
175.78,1000,16656.324867
172.07,1000,16708.578863
170.92,1000,16760.838829
144.300001,751,16800.643823
173.51,1000,16852.881446
177.28,1000,16905.140347
143.94,815,16948.142047
143.7,793,16990.058841
178.69,1000,17042.317014
172.44,1000,17094.556916
176.5,1000,17146.822507
178.07,1000,17199.586456
161.23,1000,17251.830726
143.68,773,17292.723151
89.31,526,17321.2821
163.03,1000,17373.682937
170.36,1000,17425.939858
177.54,943,17475.421907
144.01,723,17513.812628
177.25,1000,17566.055354
143.83,835,17610.846177
177.47,1000,17663.109041
165.63,1000,17715.363787
178.21,1000,17767.622088
161.56,1000,17820.537348
143.81,774,17861.508801
164.44,1000,17913.761575
144.04,769,17954.467205
143.7,744,17993.921092
143.75,819,18037.125793
177.41,1000,18089.370604
143.77,822,18132.73452
144.22,774,18173.678567
91.54,583,18205.075285
157.24,1000,18257.329048
90.76,528,18285.994755
178.44,1000,18338.258819
169.73,1000,18391.047283
90.16,545,18420.559851
143.62,748,18460.210631
144.03,753,18500.119214
89.31,555,18530.118713
176.57,1000,18582.374965
176.96,1000,18634.613989
143.85,740,18673.859906
143.48,755,18713.865979
177.21,1000,18766.119194
144.01,813,18809.018216
143.79,792,18850.883477
144.31,794,18892.843923
176.92,1000,18945.114955
148.02,845,18990.129643
179.11,1000,19042.387662
143.63,738,19081.54826
143.77,786,19123.104524
143.83,833,19167.023989
176.6,1000,19219.284163
90.58,551,19249.088817
179.12,1000,19301.395846
174.55,1000,19353.653881
179.22,1000,19405.901552
177.66,1000,19458.160088
177.35,1000,19510.400082
179.22,1000,19562.656881
172.46,1000,19615.319984
165.26,1000,19667.577657
90.58,588,19699.231211
143.69,760,19739.48737
179.04,1000,19791.74821
143.64,820,19835.190891
143.76,760,19875.439945
176.96,974,19926.405975
166.98,1000,19978.665292
176.36,1000,20030.913376
177.98,1000,20083.168141
144.03,759,20123.380687
175.22,1000,20175.642966
143.68,770,20216.872857
177.25,1000,20269.13513
176.54,1000,20321.397393
143.68,783,20362.802541
177.150001,981,20414.09702
177.37,1000,20466.337991
169.78,1000,20518.599178
177.65,1000,20570.848667
171.64,1000,20623.111841
143.51,775,20664.119583
177.85,1000,20716.362723
178.21,1000,20768.621859
166.39,1000,20821.342783
160.440001,1000,20873.601892
144.1,772,20914.456607
175.94,1000,20966.708078
177.91,1000,21018.968548
177.6,1000,21071.220116
179.58,1000,21123.483354
183.34,1000,21175.7368
178.2,1000,21227.987823
143.78,717,21266.098476
169.6,1000,21318.342706
143.91,756,21358.407084
144.08,789,21400.739079
143.79,753,21440.632203
177.42,1000,21492.893581
178.39,1000,21545.148024
143.68,815,21588.141447
181.46,1000,21640.408299
143.93,744,21679.870202
173.46,1000,21732.134128
163.53,1000,21784.387926
170.8,1000,21836.652246
177.56,1000,21888.893636
180.48,1000,21941.144361
178.75,1000,21993.814979
143.71,779,22035.033093
180.18,1000,22087.288126
181.34,1000,22139.553869
184.26,1000,22191.809211
143.86,789,22233.507428
143.71,780,22274.754755
176.99,1000,22327.019062
178.650001,1000,22379.268839
143.79,770,22420.030983
143.57,749,22459.734794
176.64,1000,22511.998316
173.45,1000,22564.255526
182.9,1000,22617.018308
179.38,1000,22669.28583
182.98,1000,22721.539853
177.11,1000,22773.793497
177.51,1000,22826.059987
177.17,1000,22879.093241
175.07,1000,22932.192932
180.05,1000,22984.457819
178.85,1000,23036.782901
166.27,1000,23089.092996
163.13,1000,23141.3566
177.36,1000,23194.005066
175.6,1000,23246.256956
178.31,1000,23298.507664
177.43,1000,23350.844134
181.26,1000,23403.098739
144.26,825,23446.594753
177.5,1000,23498.842369
143.5,758,23538.990266
178.05,1000,23591.251947
144.0,774,23632.215084
172.87,1000,23684.465014
173.66,1000,23736.720644
175.96,999,23789.487215
161.06,1000,23841.748101
175.69,1000,23894.00814
9.94,131,23902.826886
177.38,1000,23955.085699
172.36,1000,24007.334142
143.98,787,24048.947747
177.81,1000,24101.18687
143.69,801,24143.489918
143.89,798,24185.709214
179.04,1000,24237.980053
165.11,1000,24290.234764
144.01,787,24331.902805
173.16,1000,24384.162679
10.71,106,24392.124484
156.27,1000,24444.385188
144.08,802,24486.738316
162.89,1000,24539.002252
172.93,1000,24591.350778
176.84,1000,24643.606313
179.24,1000,24695.863525
177.04,991,24747.661435
179.03,1000,24799.917155
89.81,555,24829.92821
175.31,1000,24882.179589
143.88,830,24925.9337
143.82,799,24968.147488
143.85,843,25013.203596
143.56,831,25057.005427
10.68,112,25064.853401
144.22,815,25107.865779
164.93,1000,25160.108441
143.77,843,25204.504307
169.68,1000,25256.76158
143.33,769,25297.462216
143.98,801,25339.774219
143.94,790,25381.529797
175.91,1000,25433.788974
143.79,807,25476.388003
143.64,776,25517.4474
170.02,1000,25569.755276
143.83,812,25613.141538
177.53,1000,25665.395007
143.57,754,25705.354573
144.06,781,25746.666095
180.26,1000,25798.928943
180.22,1000,25851.174614
177.6,1000,25903.432074
164.07,1000,25955.686121
144.03,776,25996.754082
170.95,1000,26049.015786
144.01,764,26089.458814
174.22,1000,26141.711061
143.33,852,26186.575962
10.01,131,26195.383518
177.07,1000,26247.652098
168.46,1000,26299.908223
143.78,774,26340.871879
183.06,1000,26393.121137
9.3,121,26401.426091
172.33,1000,26453.692894
143.83,886,26500.241958
173.46,1000,26552.493842
181.05,1000,26604.761491
178.5,1000,26657.00213
177.57,1000,26709.246725
143.82,801,26751.532185
143.89,731,26790.906827
169.38,1000,26843.157935
179.91,1000,26895.422325
175.18,1000,26947.684718
143.79,807,26990.298865
177.7,973,27041.20335
11.09,108,27048.859387
173.64,1000,27101.110086
143.71,735,27140.10672
177.42,1000,27192.351056
143.85,831,27236.158669
143.39,779,27277.43385
143.83,802,27319.802539
166.84,1000,27372.06411
10.75,121,27380.360073
174.3,1000,27433.073008
163.37,1000,27485.329855
178.72,1000,27537.57654
177.68,1000,27589.819481
178.8,1000,27642.086426
10.07,112,27649.941452
143.41,811,27692.741635
144.1,725,27731.233507
144.01,808,27773.895651
143.56,797,27816.001513
144.06,758,27856.165501
9.99,115,27864.175082
171.620001,1000,27916.445045
181.83,1000,27968.70379
171.85,1000,28021.385607
143.44,712,28059.253927
177.61,978,28110.397977
319.610001,1376,74.506012
319.590002,1450,149.253886
319.719997,1396,221.316401
319.549997,1488,297.965227
319.670003,1460,373.278674
10.57,115,381.288885
10.57,111,389.097555
319.569997,1367,459.763718
89.01,528,488.945095
143.4,765,529.47528
143.41,761,569.778358
144.53,725,608.288318
319.629998,1442,682.639739
144.23,711,720.426868
143.77,761,760.737961
319.639999,1332,829.580729
88.97,518,857.740272
319.639999,1360,928.004718
319.550004,1367,998.619021
177.85,1015,1051.626266
144.13,738,1091.258225
143.87,744,1130.706389
319.769999,1370,1201.467926
319.679997,1437,1275.568879
319.83,1381,1346.8764
88.99,562,1377.23885
177.59,1065,1432.73912
319.589997,1361,1503.050133
177.56,1006,1555.610946
319.680001,1403,1628.016773
319.669999,1362,1698.803581
319.779998,1366,1769.359633
319.579999,1398,1841.500303
319.590001,1401,1913.803727
319.810001,1331,1982.61327
143.78,815,2025.601475
88.69,536,2054.655147
88.69,559,2084.847604
319.670001,1346,2154.41207
319.750003,1330,2223.163028
319.549999,1287,2290.217966
319.640003,1336,2359.281836
144.12,771,2400.087835
319.570001,1328,2468.752237
144.28,815,2511.754445
89.24,519,2539.969826
143.98,756,2580.017895
319.570003,1337,2649.125314
319.590004,1306,2716.682241
319.729999,1307,2784.290089
143.6,750,2824.038004
143.4,808,2866.691806
319.709997,1373,2938.087382
319.679997,1402,3010.435404
319.519997,1364,3080.872921
143.9,765,3121.384975
319.630003,1283,3187.788697
143.86,785,3229.299913
319.560003,1378,3300.460494
319.689999,1360,3370.727338
319.669998,1408,3443.38204
144.18,721,3482.425994
319.629997,1314,3550.387073
319.640004,1322,3618.739281
319.579999,1324,3687.201012
319.610003,1369,3757.878985
319.639999,1340,3827.136234
319.709997,1320,3895.400245
319.640003,1361,3965.700612
319.590001,1420,4038.955729
319.599999,1288,4106.047118
319.610001,1297,4173.174613
319.720003,1358,4243.328403
319.649998,1315,4311.345251
319.639999,1343,4380.759821
319.560003,1338,4449.929969
319.599999,1379,4521.133825
319.569997,1358,4591.280534
177.4,1067,4646.893106
319.700003,1360,4717.604891
319.699999,1369,4788.306558
319.640001,1463,4863.714332
319.589997,1360,4933.973339
319.579999,1379,5005.176648
319.639997,1458,5080.340892
319.680003,1423,5153.750446
319.550003,1347,5224.727026
319.630003,1438,5299.250994
319.649997,1504,5376.698812
319.689999,1389,5448.408569
10.79,136,5457.45528
319.590001,1506,5535.01589
319.549999,1418,5608.2616
319.579998,1370,5679.023965
319.579997,1333,5747.934852
319.670003,1338,5817.144449
319.699997,1344,5887.087409
319.620003,1360,5957.349762
143.49,897,6004.446604
176.31,1115,6062.458695
319.719997,1421,6135.758475
319.730001,1420,6208.99601
319.699999,1380,6280.250675
319.580002,1360,6350.505853
319.609998,1359,6420.699399
319.580001,1355,6491.160146
319.689999,1369,6561.878092
319.630001,1401,6634.182249
319.670003,1427,6707.782457
319.619997,1415,6780.914466
319.749997,1417,6854.415964
319.700002,1350,6924.166824
319.600002,1340,6993.417835
319.569997,1431,7067.219069
319.569998,1373,7138.534006
319.590002,1339,7207.728756
319.679998,1426,7281.286827
319.600002,1526,7359.832279
319.649998,1382,7431.186543
319.500001,1352,7501.045508
319.620003,1375,7572.045873
319.639998,1405,7644.557434
319.659997,1339,7714.514437
319.659997,1392,7786.372119
319.529997,1251,7851.176918
319.63,1319,7919.370777
319.6,1347,7989.052884
319.559997,1331,8057.868958
319.670001,1326,8126.431841
319.569997,1317,8194.542328
319.650001,1313,8262.449559
319.500003,1373,8333.786327
319.639998,1399,8405.978356
319.650002,1394,8477.931892
319.6,1372,8548.76895
319.650003,1372,8619.686738
319.660002,1340,8688.947302
319.539997,1337,8758.047224
90.31,617,8791.163771
319.620001,1358,8861.305691
319.500001,1348,8931.497458
143.6,897,8978.58717
319.54,1325,9047.086821
319.529997,1308,9114.755212
319.54,1342,9184.115548
89.39,546,9213.676171
319.529998,1381,9284.984103
319.560002,1344,9354.450156
319.609998,1333,9423.356073
319.589999,1421,9497.068646
319.499999,1434,9571.015731
319.480004,1382,9642.362329
319.63,1320,9710.615973
319.52,1342,9779.954837
90.8,623,9813.353185
319.660003,1230,9877.115643
319.600004,1341,9946.415214
319.569998,1369,10017.10844
319.480004,1224,10080.971781
319.570003,1325,10149.480736
11.76,173,10160.370084
319.609999,1207,10222.975516
319.530001,1380,10294.222072
319.599997,1314,10362.235642
319.559997,1256,10428.029527
319.510003,1521,10506.341367
319.530004,1216,10569.394195
319.539998,1276,10635.443454
319.629999,1285,10702.585553
319.569997,1202,10764.928979
319.490001,1233,10828.82929
319.520003,1237,10892.941336
319.569999,1316,10960.989203
319.619999,1275,11026.990053
319.550001,1287,11093.599895
90.84,603,11126.017409
319.7,1263,11191.430098
319.539997,1453,11266.334776
319.460001,1298,11333.946807
319.510004,1323,11402.345361
319.540001,1210,11465.096084
319.539998,1284,11531.548249
319.580003,1453,11606.462961
319.590004,1385,11677.960413
319.579999,1331,11746.779139
319.540003,1226,11810.335263
319.569999,1191,11872.136436
319.560003,1291,11939.420058
319.51,1393,12011.336672
319.599998,1380,12082.600791
319.610002,1332,12151.460103
319.570004,1229,12215.225888
319.480004,1410,12287.982926
319.560004,1223,12351.385468
319.480004,1220,12414.634587
319.750001,1218,12477.785065
319.669999,1159,12537.987091
319.500001,1377,12609.105864
319.690001,1269,12674.817391
319.670003,1293,12741.727991
319.530004,1208,12804.380736
319.489998,1290,12871.133586
319.549997,1226,12934.679155
